{"cameraMode":{"drawMode":0,"name":"Shaded","section":"Shading Mode"},"sceneLighting":true,"audioPlay":false,"sceneViewState":{"m_AlwaysRefresh":false,"showFog":true,"showSkybox":true,"showFlares":true,"showImageEffects":true,"showParticleSystems":true,"showVisualEffectGraphs":true,"m_FxEnabled":true},"in2DMode":false,"pivot":{"x":4.727658748626709,"y":1.0305160284042359,"z":4.103099346160889},"rotation":{"x":-0.23354503512382508,"y":-0.21464116871356965,"z":0.05291878059506416,"w":-0.9469073414802551},"size":0.8564090728759766,"orthographic":false}